step,epoch,eval_loss
11,1.0,1.2586426734924316
22,2.0,0.9176072478294373
33,3.0,0.6924302577972412
44,4.0,0.5263551473617554
55,5.0,0.439878910779953
66,6.0,0.40115395188331604
77,7.0,0.3735612630844116
88,8.0,0.3586757481098175
99,9.0,0.3519148528575897
110,10.0,0.350420743227005
