metric,train,eval
points,22,10
min,0.3017617464065552,0.350420743227005
max,1.4280454635620117,1.2586426734924316
final,0.30646381378173826,0.350420743227005
