metric,train,eval
points,12,3
min,0.7617429733276367,0.6909153461456299
max,1.237787628173828,0.8631030321121216
final,0.7617429733276367,0.6909153461456299
