step,eval_loss,epoch
20,0.8631030321121216,10.0
40,0.7343406677246094,20.0
60,0.6909153461456299,30.0
